{"cameraMode":{"drawMode":0,"name":"Shaded","section":"Shading Mode"},"sceneLighting":false,"audioPlay":false,"sceneViewState":{"m_AlwaysRefresh":false,"showFog":true,"showSkybox":false,"showFlares":true,"showImageEffects":true,"showParticleSystems":true,"showVisualEffectGraphs":true,"m_FxEnabled":true},"in2DMode":false,"pivot":{"x":5.960464477539063e-8,"y":1.4616279602050782,"z":-0.03324878215789795},"rotation":{"x":0.030640332028269769,"y":-0.9683340787887573,"z":0.15079529583454133,"w":0.19667838513851167},"size":1.294405221939087,"orthographic":true}