{"cameraMode":{"drawMode":0,"name":"Shaded","section":"Shading Mode"},"sceneLighting":false,"audioPlay":false,"sceneViewState":{"m_AlwaysRefresh":false,"showFog":true,"showSkybox":false,"showFlares":true,"showImageEffects":true,"showParticleSystems":true,"showVisualEffectGraphs":true,"m_FxEnabled":true},"in2DMode":false,"pivot":{"x":-0.026899337768554689,"y":0.23211519420146943,"z":-0.06373214721679688},"rotation":{"x":0.25346463918685915,"y":-0.22946694493293763,"z":0.06202663481235504,"w":0.9376838803291321},"size":13.568058967590332,"orthographic":false}