{"cameraMode":{"drawMode":0,"name":"Shaded","section":"Shading Mode"},"sceneLighting":false,"audioPlay":false,"sceneViewState":{"m_AlwaysRefresh":false,"showFog":true,"showSkybox":false,"showFlares":true,"showImageEffects":true,"showParticleSystems":true,"showVisualEffectGraphs":true,"m_FxEnabled":true},"in2DMode":false,"pivot":{"x":0.00007295608520507813,"y":0.9675500392913818,"z":-0.09614628553390503},"rotation":{"x":-0.00045812156167812645,"y":0.9992626905441284,"z":-0.012887386605143547,"w":-0.03687921166419983},"size":1.4377628564834595,"orthographic":true}